,0
0,CICN
1,OPUS
2,SECO
3,SGER
4,LEON
5,VIVE
6,CLIS
7,KWE
8,SILO
9,SPOWF
10,ANDR
11,RITE
12,VRAYQ
13,SBSAA
14,ROTH
15,MTC
16,PERT
17,SPWRQ
18,INDV
19,FER
20,DM
21,SLNO
22,SMMT
23,SSOF
24,KNOS
25,STEC
26,FRCB
27,APM
28,AZREF
29,VKTX
30,SRRK
31,PIK
32,INOD
33,PHVS
34,WAVE
35,MDGL
36,MSTR
37,SMCI
38,JANX
39,PROP
40,ADMA
41,MCAP
42,MOD
43,WVE
44,RYTM
45,POWL
46,EDN
47,ARDX
48,EQTL
49,OMER
50,IMG
51,CLS
52,CVNA
53,BMA
54,TGS
55,NUVL
56,FNMA
57,HNRG
58,DIGI
59,HROW
60,STRL
61,VRT
62,FMCC
63,BELFA
64,APP
65,PLTR
66,AVDL
67,HIMS
68,VST
69,GERN
70,CRS
71,TDW
72,ANF
73,ROOT
74,TAL
75,AMSC
76,TMDX
77,CECO
78,NVDA
79,PLSE
80,CNR
81,TGTX
82,ALST
83,SEI
84,NINE
85,EDU
86,IMVT
87,NEXT
88,IREN
89,ELCO
90,USLM
91,ECOR
92,FTI
93,RCMT
94,ELF
95,LQDA
96,AKRO
97,FICO
98,IESC
99,FIX
100,LNTH
101,RXST
102,GOTU
103,GEO
104,SFM
105,SHOT
106,DAKT
107,WULF
108,CLSK
109,AXON
110,MNSO
111,PCVX
112,INSM
113,VERA
114,BBIO
115,STG
116,EYPT
117,DYN
118,EAT
119,CLMB
120,TH
121,VERX
122,KC
123,JAKK
124,AXSM
125,CRMD
126,RAIL
127,TNK
128,STNG
129,GME
130,ASC
131,UFPT
132,APTY
133,ZETA
134,CPRX
135,ALDX
136,PPTA
137,AVGO
138,UTI
139,LRN
140,EWTX
141,BLBD
142,AGX
143,CVRX
144,GKOS
145,OSCR
146,DXPE
147,DECK
148,FUTU
149,TCOM
150,TMV
151,XPO
152,ANET
153,TARS
154,PDD
155,BORR
156,RCL
157,PCT
158,EME
159,GLNG
160,PNRG
161,ROAD
162,HLX
163,MIRM
164,NRP
165,NN
166,AGYS
167,INTA
168,NGL
169,NGVC
170,AROC
171,TIGR
172,CABA
173,HWM
174,FTK
175,TRGP
176,PLX
177,UEC
178,GNE
179,COIN
180,HWKN
181,KLXE
182,USM
183,ATGE
184,SLVM
185,GSAT
186,PRIM
187,EH
188,SVRA
189,ML
190,ALT
191,PMTS
192,MARA
193,AVAV
194,AVTE
195,CRK
196,WFRD
197,TPL
198,KRYS
199,CORT
200,LX
201,QURE
202,ULH
203,AVPT
204,TEVA
205,NPKI
206,NGS
207,ATXS
208,GFF
209,EVLV
210,TUSK
211,BBW
212,TKO
213,LEU
214,SKYW
215,PLRX
216,OPFI
217,PWR
218,ODC
219,BMEA
220,CRNX
221,FLEX
222,TALK
223,ALSN
224,UNM
225,DSP
226,IOT
227,FCNCA
228,UPST
229,CSWI
230,PI
231,QFIN
232,RYAM
233,LLY
234,OII
235,NTRA
236,MLI
237,CNX
238,PR
239,CALM
240,GE
241,TEN
242,URGN
243,BRBR
244,IBRX
245,AXGN
246,SMHI
247,ADSE
248,RVMD
249,RNA
250,BKKT
251,BTU
252,VITL
253,RDNT
254,OCUL
255,IDCC
256,WSM
257,SKYT
258,QUAD
259,AGI
260,AI
261,TPC
262,SLQT
263,NGD
264,BVS
265,ARIS
266,IAG
267,INSW
268,CDZI
269,BRAV
270,PSN
271,FSLR
272,INTO
273,NBN
274,CXW
275,ENVA
276,REVG
277,TME
278,HCC
279,AMPY
280,UAL
281,PBF
282,ESQ
283,TERN
284,NTNX
285,TYRA
286,HURN
287,TMC
288,DLNG
289,TBBK
290,AR
291,COGT
292,MUSA
293,JXN
294,RIGL
295,OLLI
296,LINC
297,EQT
298,WTTR
299,CW
300,APO
301,MHO
302,AAON
303,FOUR
304,DELL
305,CLPT
306,CVLG
307,CMT
308,BBSI
309,PLPC
310,FRO
311,GPI
312,RRC
313,SNEX
314,REPX
315,ESP
316,ARES
317,CLH
318,PANW
319,KD
320,COOP
321,DKS
322,AGS
323,APPF
324,TK
325,AIT
326,PSTG
327,GDDY
328,LBRT
329,URI
330,PRDO
331,GRBK
332,MDXG
333,KNSL
334,SMC
335,CVLT
336,CYBR
337,SPOT
338,CRWD
339,RMBS
340,PGR
341,IBKR
342,VIPS
343,PHAR
344,KODK
345,EOLS
346,COKE
347,GVA
348,BWXT
349,DDS
350,HQY
351,SG
352,FN
353,XERS
354,CAMT
355,LPG
356,HRB
357,SBS
358,FLR
359,JBL
360,SHAK
361,URBN
362,MCK
363,MTRX
364,PTGX
365,NRG
366,MPC
367,LMND
368,CAH
369,OGC
370,ET
371,ALKT
372,KNSA
373,CENX
374,PJT
375,CNK
376,LPLA
377,BE
378,MRC
379,ARLP
380,AEHR
381,FSS
382,PDS
383,ERIE
384,IDR
385,GLP
386,LNG
387,JEF
388,KRUS
389,MRUS
390,SPNT
391,ONTO
392,TTD
393,NSSC
394,EVR
395,AMAL
396,MNKD
397,BKNG
398,BLX
399,NOG
400,VALU
401,BLDR
402,PHM
403,CRAI
404,DY
405,WING
406,IRM
407,HUBB
408,CBZ
409,RL
410,TXRH
411,CDE
412,STLD
413,OSW
414,BMI
415,ONON
416,XOMA
417,PLMR
418,ACGL
419,FRHC
420,HUMA
421,GWW
422,EPAC
423,ARGX
424,PH
425,CAN
426,PAYO
427,WAB
428,MGNI
429,TMHC
430,OC
431,DTM
432,R
433,MLR
434,FRPT
435,LII
436,NXE
437,BSX
438,CASY
439,BCC
440,KNTK
441,WMB
442,TDG
443,RCEL
444,WIX
445,THC
446,FOA
447,ETN
448,TOL
449,AMPH
450,FLUT
451,SANM
452,DHT
453,MEDP
454,EGY
455,ORCL
456,LMAT
457,NOW
458,PSO
459,NFLX
460,PHLT
461,USFD
462,BH
463,ITCI
464,KTB
465,VCTR
466,BDC
467,SRPT
468,PDX
469,GCBC
470,GTLS
471,COHR
472,ACA
473,TTMI
474,MANH
475,MFG
476,PFGC
477,BLND
478,HDSN
479,XMTR
480,IHG
481,FLS
482,RIG
483,CSR
484,TT
485,VNET
486,SAIA
487,NRIM
488,OBE
489,RGA
490,X
491,WTM
492,NVT
493,BECN
494,CELH
495,LOPE
496,CMG
497,KRT
498,HOV
499,VCEL
500,PRTHU
501,VSEC
502,FI
503,XFOR
504,ARL
505,CCB
506,HES
507,CLOV
508,IBEX
509,MTSI
510,SKT
511,SENEB
512,ITRI
513,TOST
514,ATRO
515,NAT
516,CYTK
517,GLRE
518,SIGA
519,GAP
520,MRVL
521,AGO
522,PAR
523,KEX
524,TILE
525,KRMD
526,EXEL
527,TPR
528,VRTX
529,ARLO
530,AZPN
531,OSIS
532,CPS
533,ROIV
534,CIX
535,GNW
536,OLMA
537,AXP
538,MELI
539,WMT
540,CAT
541,CRH
542,EZPW
543,LQDT
544,TPB
545,AUR
546,TTI
547,WEYS
548,IMO
549,PIPR
550,DAWN
551,VEL
552,AMP
553,THR
554,MTDR
555,GIII
556,CDNS
557,OXY
558,ZEUS
559,SXC
560,VMD
561,NCLH
562,BHE
563,WES
564,BKR
565,PAGP
566,PLYA
567,H
568,ANNX
569,LMNR
570,SAP
571,PCAR
572,PRI
573,UBER
574,CCL
575,DJCO
576,WHD
577,WCC
578,ALNY
579,PAA
580,BBVA
581,VLO
582,SXI
583,ZVIA
584,DOCS
585,VRDN
586,KBH
587,PATK
588,DASH
589,RELY
590,IDYA
591,FTNT
592,COMP
593,JILL
594,MAR
595,RYAN
596,FINV
597,HCI
598,NET
599,CBT
600,DFH
601,WT
602,COLL
603,EHC
604,UTHR
605,DNOW
606,MMLP
607,MATX
608,MTZ
609,QTWO
610,BANF
611,AFL
612,YMAB
613,KLAC
614,RS
615,XOM
616,BFLY
617,STRA
618,NMIH
619,DAO
620,MRSN
621,GCI
622,NPO
623,TECK
624,RIOT
625,OKE
626,GFI
627,MPWR
628,PANL
629,MSI
630,ACVA
631,UNTY
632,CTAS
633,PAY
634,HLI
635,PKOH
636,LINK
637,PPC
638,GRPN
639,ORLY
640,PTVE
641,SKX
642,GDS
643,CELC
644,AN
645,SCCO
646,RACE
647,FBIZ
648,DAL
649,CVCO
650,ITGR
651,KTOS
652,CRVL
653,PLXS
654,PKG
655,BZH
656,PTCT
657,NWPX
658,PCG
659,CNXN
660,LTH
661,NWG
662,AEM
663,AJG
664,RNGR
665,CHEF
666,HEI
667,BOOT
668,ABG
669,KFS
670,RES
671,WINA
672,GWRE
673,AGM
674,ALTR
675,AORT
676,EXE
677,CTMX
678,AXS
679,ALL
680,DFS
681,GLBE
682,NVMI
683,Z
684,MTG
685,ACIW
686,OR
687,KMI
688,MWA
689,AVAH
690,NBIX
691,COR
692,AIR
693,PLAB
694,UNBK
695,UMI
696,GBX
697,NOA
698,ZG
699,HLT
700,GTLB
701,WSO
702,LAUR
703,FANG
704,HBM
705,AZZ
706,VCYT
707,FTDR
708,HUBS
709,STEP
710,MHPC
711,APOG
712,APH
713,OFG
714,TSLA
715,TIPT
716,SM
717,COST
718,KAI
719,LUCK
720,IBP
721,LDOS
722,CHKP
723,ASO
724,EXLS
725,WRB
726,CMI
727,PNTG
728,HPK
729,PSX
730,NRDS
731,GRMN
732,VRRM
733,FYBR
734,PFSI
735,BX
736,UVE
737,QH
738,CPRT
739,EXP
740,CNO
741,REX
742,HRI
743,NHC
744,HP
745,TJX
746,ASM
747,SNA
748,IBM
749,WWD
750,HY
751,CNQ
752,DSGR
753,MFC
754,CSL
755,ISRG
756,PBI
757,MMSI
758,IMAX
759,GMS
760,MYRG
761,IR
762,RJF
763,ENSG
764,AZO
765,SF
766,GLUE
767,AM
768,SLM
769,PAG
770,RBA
771,LSEA
772,SYF
773,CMCM
774,SPHR
775,HIG
776,BAP
777,IT
778,HLNE
779,XENE
780,ESE
781,DFIN
782,MG
783,LVS
784,SAH
785,DMRC
786,WAL
787,ESLT
788,HAE
789,NEU
790,DHC
791,RNR
792,LPX
793,PTC
794,AMS
795,ACT
796,IBOC
797,WLDN
798,GEVO
799,RBC
800,BXC
801,MDU
802,FNKO
803,IBCP
804,AER
805,RELL
806,MNDY
807,TRV
808,RUSHA
809,ORRF
810,CPAY
811,CTS
812,AX
813,LNW
814,CWAN
815,HCKT
816,RDN
817,QCRH
818,PUMP
819,POST
820,EQH
821,GL
822,PLUS
823,PPA
824,INNV
825,SHOP
826,TPH
827,SU
828,GATX
829,TGI
830,APG
831,CMC
832,MTH
833,JWN
834,NNOX
835,BAH
836,OMAB
837,XPOF
838,VOXX
839,CSTL
840,CRM
841,CBOE
842,ATOM
843,SNPS
844,CMPR
845,AVXL
846,ADUS
847,MEC
848,JPM
849,DK
850,BRO
851,GTE
852,OSBC
853,SPSC
854,BCML
855,BUR
856,OSPN
857,COMM
858,METC
859,ALHC
860,CACI
861,BCO
862,DVA
863,GS
864,SAN
865,PNR
866,ZVRA
867,KAR
868,SCPH
869,DHI
870,CTLP
871,WELL
872,CHX
873,AMZN
874,SKY
875,BWIN
876,NVR
877,NRIX
878,ORI
879,RLI
880,SCSC
881,AMWD
882,EOG
883,ASX
884,ACNB
885,IRMD
886,FWONA
887,NSIT
888,SITM
889,ITT
890,HLIT
891,NKTX
892,LGND
893,WFC
894,IMXI
895,UFCS
896,ORIC
897,OVV
898,BKD
899,AYI
900,CVI
901,UHS
902,BJ
903,LIND
904,DCO
905,WPM
906,WTFC
907,ARMK
908,HPE
909,COP
910,USAC
911,RSI
912,CHCO
913,BLFS
914,FBP
915,WSR
916,FHN
917,CAKE
918,PREC
919,CTRA
920,KOF
921,ACRS
922,TCBI
923,RBCAA
924,BCH
925,PKB
926,BFC
927,RSG
928,DGII
929,TSEM
930,TCBX
931,ROST
932,MGRC
933,AGRO
934,SHEL
935,SGI
936,SHCO
937,L
938,IGM
939,GPK
940,AEIS
941,AGIO
942,LI
943,CCBG
944,V
945,MA
946,RSVR
947,CB
948,AAPL
949,PST
950,LAD
951,CURV
952,ASND
953,STN
954,INGR
955,MKL
956,ANIP
957,OIS
958,HEES
959,NRGV
960,XAR
961,ARQT
962,TRNS
963,DRD
964,ROL
965,HL
966,ACM
967,BLD
968,EWBC
969,TW
970,AIZ
971,ZYXI
972,MBWM
973,VLGEA
974,TALO
975,PRGS
976,SD
977,WOR
978,MCY
979,SLB
980,CQP
981,CARR
982,TPZ
983,NVEC
984,MGY
985,NATH
986,BAR
987,KR
988,BKE
989,IAU
990,MAC
991,TCMD
992,EMR
993,MSB
994,KOS
995,LECO
996,CF
997,CASH
998,CMBT
999,UFPI
1000,EXTR
1001,STOK
1002,CAL
1003,BRC
1004,HALO
1005,ESTC
1006,HESM
1007,CCEP
1008,CRC
1009,GTES
1010,ETR
1011,IPAR
1012,VIRT
1013,AZEK
1014,TFII
1015,SYK
1016,FOR
1017,FROG
1018,TWST
1019,ALK
1020,ARCO
1021,LFST
1022,BV
1023,LMT
1024,ETNB
1025,LZB
1026,PRN
1027,DDOG
1028,GHC
1029,LEN
1030,ABCB
1031,ABM
1032,RGLD
1033,MC
1034,UI
1035,IGE
1036,SAIC
1037,SSD
1038,SKE
1039,TRI
1040,NTAP
1041,COF
1042,ATEN
1043,ALKS
1044,PRK
1045,ATEC
1046,BK
1047,EPD
1048,KCE
1049,SEIC
1050,PNFP
1051,RXRX
1052,EQBK
1053,RTX
1054,FOX
1055,FCN
1056,IH
1057,GSHD
1058,SUPN
1059,HAL
1060,WTW
1061,SEM
1062,DBX
1063,K
1064,FOXA
1065,VMI
1066,GLW
1067,NI
1068,AVT
1069,WEX
1070,ACLS
1071,YOU
1072,MET
1073,FWRG
1074,HTHT
1075,CINF
1076,SPFI
1077,MBIN
1078,SBRA
1079,SRE
1080,SALM
1081,RLX
1082,ALG
1083,NL
1084,PEO
1085,IQ
1086,ABBV
1087,ACMR
1088,MS
1089,AIG
1090,MSFT
1091,FCBC
1092,KYMR
1093,FORM
1094,CRT
1095,ERO
1096,TRN
1097,SSB
1098,SLV
1099,MAIN
1100,NBTB
1101,PBH
1102,BJRI
1103,BOX
1104,PSMT
1105,ATO
1106,DRI
1107,LE
1108,FBK
1109,ITIC
1110,ADI
1111,OHI
1112,FSBW
1113,PRG
1114,MTB
1115,CWST
1116,MUR
1117,KALV
1118,SATS
1119,ESGR
1120,MSGS
1121,SRS
1122,NIC
1123,ATR
1124,CIEN
1125,PTEN
1126,RPM
1127,LAB
1128,CBRE
1129,GILD
1130,VRNS
1131,APLS
1132,VNT
1133,RAND
1134,CGEM
1135,UWMC
1136,MTRN
1137,MCBS
1138,AEG
1139,JMSB
1140,MRK
1141,FLNC
1142,DORM
1143,BN
1144,DE
1145,AMKR
1146,SES
1147,RDVT
1148,WLK
1149,VMC
1150,LAZ
1151,NWSA
1152,MCO
1153,PFBC
1154,SUN
1155,GFL
1156,HCA
1157,PEG
1158,STBA
1159,PSI
1160,CTVA
1161,EML
1162,IDT
1163,VHI
1164,FDP
1165,HNI
1166,BURL
1167,TEX
1168,EXPE
1169,PCOR
1170,LUMN
1171,AWI
1172,EFSC
1173,BR
1174,SEVN
1175,ONB
1176,IONS
1177,ESRT
1178,CIA
1179,FLNG
1180,WCN
1181,EIG
1182,LRCX
1183,HSTM
1184,GD
1185,AIV
1186,HXL
1187,AME
1188,KMPR
1189,TTEK
1190,KBR
1191,PM
1192,MMC
1193,SFL
1194,MCS
1195,SLGN
1196,ON
1197,CVX
1198,ENS
1199,PVH
1200,FNB
1201,TBCH
1202,VRSK
1203,AMAT
1204,CROX
1205,HBT
1206,VUZI
1207,NOC
1208,CTBI
1209,VTOL
1210,LIN
1211,TAP
1212,GMED
1213,PAHC
1214,ANDE
1215,VIS
1216,BPOP
1217,SRCE
1218,AON
1219,UTL
1220,ESNT
1221,PLNT
1222,PRM
1223,IOVA
1224,AMG
1225,SNV
1226,ING
1227,DAC
1228,CHDN
1229,MLM
1230,CI
1231,PARR
1232,ITRN
1233,CARE
1234,SIG
1235,PHAT
1236,INSP
1237,VSCO
1238,HYLN
1239,SMIN
1240,NOV
1241,ESSA
1242,IOSP
1243,BYD
1244,RNW
1245,QLYS
1246,WM
1247,EP
1248,IP
1249,T
1250,WWW
1251,VNO
1252,FULT
1253,PNW
1254,OMC
1255,NPK
1256,FDX
1257,SYBT
1258,PDCO
1259,NHI
1260,RHP
1261,ZIG
1262,SIGI
1263,LW
1264,GCMG
1265,MLNK
1266,ADP
1267,HOMB
1268,CDNA
1269,BFIN
1270,PKE
1271,AMRK
1272,CRTO
1273,CRUS
1274,KRG
1275,DINO
1276,IRTC
1277,HWC
1278,ICFI
1279,SGU
1280,GIL
1281,LYV
1282,NUE
1283,HBCP
1284,TTSH
1285,PODD
1286,BFH
1287,SO
1288,WYNN
1289,EIX
1290,LEGH
1291,SIM
1292,TYL
1293,CIG
1294,ETD
1295,WH
1296,ARCT
1297,THG
1298,BANR
1299,PRSU
1300,CTRE
1301,EVGO
1302,EQIX
1303,AAL
1304,OMF
1305,RBLX
1306,TSCO
1307,CPA
1308,EQX
1309,SMBK
1310,SMBC
1311,FAST
1312,CATY
1313,ADSK
1314,SCI
1315,IFS
1316,JUST
1317,CAPL
1318,UMBF
1319,MGEE
1320,LULU
1321,PEGA
1322,AL
1323,ACAD
1324,FET
1325,REGN
1326,SPH
1327,NTGR
1328,YUMC
1329,MCRI
1330,FNF
1331,C
1332,MAG
1333,VTR
1334,BHB
1335,VRN
1336,STRAX
1337,J
1338,NX
1339,SWI
1340,SCS
1341,KOP
1342,CPNG
1343,FFBC
1344,DVAX
1345,ELMA
1346,UE
1347,IIIV
1348,CMRE
1349,NDAQ
1350,SNDR
1351,BPMC
1352,AMGN
1353,ULTA
1354,ODFL
1355,AKR
1356,INCO
1357,SLX
1358,IGMS
1359,NYT
1360,BSRR
1361,KLTR
1362,SFBS
1363,DCI
1364,CBNK
1365,ATLC
1366,NXST
1367,HUBG
1368,SVM
1369,MSA
1370,TEAM
1371,GOGL
1372,TRMK
1373,WKC
1374,HTB
1375,CCOI
1376,SLG
1377,WDAY
1378,CNP
1379,NJR
1380,ESTA
1381,AAMI
1382,RF
1383,STGW
1384,AZN
1385,HUYA
1386,BTE
1387,ASB
1388,SCD
1389,CFR
1390,KRP
1391,TTWO
1392,OTTR
1393,HSII
1394,WSFS
1395,PECO
1396,HBAN
1397,INTU
1398,DSGN
1399,CAE
1400,AMD
1401,GEN
1402,RBBN
1403,FA
1404,STT
1405,ITP
1406,DLN
1407,CVBF
1408,GAM
1409,SPR
1410,TKR
1411,IVT
1412,CCS
1413,HRMY
1414,TCBK
1415,CUBI
1416,BRX
1417,DIA
1418,DT
1419,NTES
1420,ESI
1421,WTS
1422,RH
1423,VABK
1424,EBS
1425,AXTA
1426,SPG
1427,MU
1428,FCX
1429,CCCS
1430,ABUS
1431,CPF
1432,FMAO
1433,INZY
1434,DOX
1435,FCF
1436,MTX
1437,MNST
1438,MGNX
1439,TOWN
1440,OI
1441,PSL
1442,AUB
1443,BY
1444,ICE
1445,PRU
1446,ZION
1447,WAT
1448,MAS
1449,BASE
1450,WBS
1451,MTUS
1452,TTE
1453,RY
1454,CDP
1455,SAND
1456,BSY
1457,CG
1458,JHG
1459,REZI
1460,EQL
1461,FHI
1462,THO
1463,VIG
1464,VCM
1465,SVT
1466,ONC
1467,MSCI
1468,NNI
1469,MCB
1470,HAFC
1471,EXAS
1472,PFG
1473,FFIV
1474,DGICA
1475,SPGI
1476,WDC
1477,EPRT
1478,INDA
1479,WDFC
1480,CNS
1481,STR
1482,FELE
1483,SWTX
1484,JNPR
1485,ARCB
1486,NBR
1487,DLR
1488,CM
1489,HFWA
1490,WDS
1491,LANC
1492,QSR
1493,SJ
1494,WMS
1495,OZK
1496,GGG
1497,MO
1498,CNA
1499,UBSI
1500,EA
1501,HON
1502,API
1503,ROP
1504,KMDA
1505,SB
1506,PHO
1507,FSBC
1508,PBFS
1509,CCRN
1510,RRBI
1511,OTIS
1512,GEL
1513,EBF
1514,PFIS
1515,CASS
1516,LOUP
1517,SMTC
1518,GEF
1519,HII
1520,FAB
1521,ESCA
1522,CRBN
1523,PPH
1524,SII
1525,RKT
1526,MRT
1527,SHO
1528,OGE
1529,ASML
1530,PB
1531,GABC
1532,CHWY
1533,DOV
1534,ENB
1535,RLGT
1536,TDY
1537,WMK
1538,SNX
1539,SRDX
1540,OLED
1541,TVTX
1542,PLAY
1543,BKU
1544,NBHC
1545,PCTY
1546,HST
1547,GCO
1548,PAAS
1549,BHLB
1550,SWX
1551,VOYA
1552,FRPH
1553,BOKF
1554,PPL
1555,JLL
1556,FBNC
1557,AOSL
1558,JKI
1559,NVCR
1560,CFB
1561,GRF
1562,THFF
1563,NC
1564,WK
1565,GSBC
1566,FDM
1567,OEC
1568,PAYX
1569,PFI
1570,UVSP
1571,TNC
1572,KBE
1573,MCD
